<?xml version="1.0" encoding="UTF-8"?>
<suite parallel="true" name="Suite" thread-count="3">
 
 <listeners>
    <listener class-name="com.aventstack.extentreports.testng.listener.ExtentITestListenerClassAdapter"/>
  </listeners>
  <test name="End to End">
    <classes>
      <class name="TestCases.test001"/>
    </classes>
  </test> <!-- Test -->
  
  
 
   <test name="Printing Links">
    <classes>
      <class name="TestCases.test002"/>
    </classes>
  </test> <!-- Test -->
</suite> <!-- Suite -->
